{
  "frame_id": 795,
  "timestamp": 1341846461.490119,
  "image_path": "rgb/1341846461.490119.png",
  "detections": [],
  "num_detections": 0,
  "num_dynamic": 0
}