{
  "frame_id": 780,
  "timestamp": 1341846460.98606,
  "image_path": "rgb/1341846460.986060.png",
  "detections": [],
  "num_detections": 0,
  "num_dynamic": 0
}