{
  "frame_id": 797,
  "timestamp": 1341846461.558036,
  "image_path": "rgb/1341846461.558036.png",
  "detections": [],
  "num_detections": 0,
  "num_dynamic": 0
}