{
  "frame_id": 773,
  "timestamp": 1341846460.754596,
  "image_path": "rgb/1341846460.754596.png",
  "detections": [],
  "num_detections": 0,
  "num_dynamic": 0
}