{
  "frame_id": 792,
  "timestamp": 1341846461.390065,
  "image_path": "rgb/1341846461.390065.png",
  "detections": [],
  "num_detections": 0,
  "num_dynamic": 0
}