{
  "frame_id": 775,
  "timestamp": 1341846460.818048,
  "image_path": "rgb/1341846460.818048.png",
  "detections": [],
  "num_detections": 0,
  "num_dynamic": 0
}