{
  "frame_id": 786,
  "timestamp": 1341846461.190395,
  "image_path": "rgb/1341846461.190395.png",
  "detections": [],
  "num_detections": 0,
  "num_dynamic": 0
}