{
  "frame_id": 765,
  "timestamp": 1341846460.486901,
  "image_path": "rgb/1341846460.486901.png",
  "detections": [],
  "num_detections": 0,
  "num_dynamic": 0
}