{
  "frame_id": 787,
  "timestamp": 1341846461.222053,
  "image_path": "rgb/1341846461.222053.png",
  "detections": [],
  "num_detections": 0,
  "num_dynamic": 0
}