{
  "frame_id": 785,
  "timestamp": 1341846461.153999,
  "image_path": "rgb/1341846461.153999.png",
  "detections": [],
  "num_detections": 0,
  "num_dynamic": 0
}