{
  "frame_id": 772,
  "timestamp": 1341846460.71972,
  "image_path": "rgb/1341846460.719720.png",
  "detections": [],
  "num_detections": 0,
  "num_dynamic": 0
}