{
  "frame_id": 774,
  "timestamp": 1341846460.786132,
  "image_path": "rgb/1341846460.786132.png",
  "detections": [],
  "num_detections": 0,
  "num_dynamic": 0
}