{
  "frame_id": 766,
  "timestamp": 1341846460.518737,
  "image_path": "rgb/1341846460.518737.png",
  "detections": [],
  "num_detections": 0,
  "num_dynamic": 0
}