{
  "frame_id": 781,
  "timestamp": 1341846461.022018,
  "image_path": "rgb/1341846461.022018.png",
  "detections": [],
  "num_detections": 0,
  "num_dynamic": 0
}