{
  "frame_id": 796,
  "timestamp": 1341846461.522406,
  "image_path": "rgb/1341846461.522406.png",
  "detections": [],
  "num_detections": 0,
  "num_dynamic": 0
}