{
  "frame_id": 779,
  "timestamp": 1341846460.953981,
  "image_path": "rgb/1341846460.953981.png",
  "detections": [],
  "num_detections": 0,
  "num_dynamic": 0
}