{
  "frame_id": 778,
  "timestamp": 1341846460.922118,
  "image_path": "rgb/1341846460.922118.png",
  "detections": [],
  "num_detections": 0,
  "num_dynamic": 0
}