{
  "frame_id": 776,
  "timestamp": 1341846460.854135,
  "image_path": "rgb/1341846460.854135.png",
  "detections": [],
  "num_detections": 0,
  "num_dynamic": 0
}