{
  "frame_id": 769,
  "timestamp": 1341846460.618376,
  "image_path": "rgb/1341846460.618376.png",
  "detections": [],
  "num_detections": 0,
  "num_dynamic": 0
}