{
  "frame_id": 806,
  "timestamp": 1341846461.858118,
  "image_path": "rgb/1341846461.858118.png",
  "detections": [],
  "num_detections": 0,
  "num_dynamic": 0
}