{
  "frame_id": 884,
  "timestamp": 1341846464.474154,
  "image_path": "rgb/1341846464.474154.png",
  "detections": [],
  "num_detections": 0,
  "num_dynamic": 0
}