{
  "frame_id": 890,
  "timestamp": 1341846464.67403,
  "image_path": "rgb/1341846464.674030.png",
  "detections": [],
  "num_detections": 0,
  "num_dynamic": 0
}