{
  "frame_id": 805,
  "timestamp": 1341846461.82611,
  "image_path": "rgb/1341846461.826110.png",
  "detections": [],
  "num_detections": 0,
  "num_dynamic": 0
}