{
  "frame_id": 802,
  "timestamp": 1341846461.72603,
  "image_path": "rgb/1341846461.726030.png",
  "detections": [],
  "num_detections": 0,
  "num_dynamic": 0
}