{
  "frame_id": 897,
  "timestamp": 1341846464.910024,
  "image_path": "rgb/1341846464.910024.png",
  "detections": [],
  "num_detections": 0,
  "num_dynamic": 0
}