{
  "frame_id": 892,
  "timestamp": 1341846464.741977,
  "image_path": "rgb/1341846464.741977.png",
  "detections": [],
  "num_detections": 0,
  "num_dynamic": 0
}