{
  "frame_id": 880,
  "timestamp": 1341846464.337963,
  "image_path": "rgb/1341846464.337963.png",
  "detections": [],
  "num_detections": 0,
  "num_dynamic": 0
}