{
  "frame_id": 857,
  "timestamp": 1341846463.56606,
  "image_path": "rgb/1341846463.566060.png",
  "detections": [],
  "num_detections": 0,
  "num_dynamic": 0
}