{
  "frame_id": 813,
  "timestamp": 1341846462.094057,
  "image_path": "rgb/1341846462.094057.png",
  "detections": [],
  "num_detections": 0,
  "num_dynamic": 0
}