{
  "frame_id": 887,
  "timestamp": 1341846464.573969,
  "image_path": "rgb/1341846464.573969.png",
  "detections": [],
  "num_detections": 0,
  "num_dynamic": 0
}