{
  "frame_id": 896,
  "timestamp": 1341846464.873987,
  "image_path": "rgb/1341846464.873987.png",
  "detections": [],
  "num_detections": 0,
  "num_dynamic": 0
}