{
  "frame_id": 881,
  "timestamp": 1341846464.374148,
  "image_path": "rgb/1341846464.374148.png",
  "detections": [],
  "num_detections": 0,
  "num_dynamic": 0
}