{
  "frame_id": 809,
  "timestamp": 1341846461.958215,
  "image_path": "rgb/1341846461.958215.png",
  "detections": [],
  "num_detections": 0,
  "num_dynamic": 0
}