{
  "frame_id": 899,
  "timestamp": 1341846464.974022,
  "image_path": "rgb/1341846464.974022.png",
  "detections": [],
  "num_detections": 0,
  "num_dynamic": 0
}