{
  "frame_id": 818,
  "timestamp": 1341846462.262203,
  "image_path": "rgb/1341846462.262203.png",
  "detections": [],
  "num_detections": 0,
  "num_dynamic": 0
}