{
  "frame_id": 801,
  "timestamp": 1341846461.690053,
  "image_path": "rgb/1341846461.690053.png",
  "detections": [],
  "num_detections": 0,
  "num_dynamic": 0
}