{
  "frame_id": 804,
  "timestamp": 1341846461.789933,
  "image_path": "rgb/1341846461.789933.png",
  "detections": [],
  "num_detections": 0,
  "num_dynamic": 0
}