{
  "frame_id": 885,
  "timestamp": 1341846464.506083,
  "image_path": "rgb/1341846464.506083.png",
  "detections": [],
  "num_detections": 0,
  "num_dynamic": 0
}