{
  "frame_id": 895,
  "timestamp": 1341846464.842191,
  "image_path": "rgb/1341846464.842191.png",
  "detections": [],
  "num_detections": 0,
  "num_dynamic": 0
}