{
  "frame_id": 807,
  "timestamp": 1341846461.894127,
  "image_path": "rgb/1341846461.894127.png",
  "detections": [],
  "num_detections": 0,
  "num_dynamic": 0
}