{
  "frame_id": 891,
  "timestamp": 1341846464.706178,
  "image_path": "rgb/1341846464.706178.png",
  "detections": [],
  "num_detections": 0,
  "num_dynamic": 0
}