{
  "frame_id": 894,
  "timestamp": 1341846464.806072,
  "image_path": "rgb/1341846464.806072.png",
  "detections": [],
  "num_detections": 0,
  "num_dynamic": 0
}