{
  "frame_id": 886,
  "timestamp": 1341846464.53805,
  "image_path": "rgb/1341846464.538050.png",
  "detections": [],
  "num_detections": 0,
  "num_dynamic": 0
}