{
  "frame_id": 883,
  "timestamp": 1341846464.438109,
  "image_path": "rgb/1341846464.438109.png",
  "detections": [],
  "num_detections": 0,
  "num_dynamic": 0
}