{
  "frame_id": 898,
  "timestamp": 1341846464.941952,
  "image_path": "rgb/1341846464.941952.png",
  "detections": [],
  "num_detections": 0,
  "num_dynamic": 0
}