{
  "frame_id": 882,
  "timestamp": 1341846464.406125,
  "image_path": "rgb/1341846464.406125.png",
  "detections": [],
  "num_detections": 0,
  "num_dynamic": 0
}