{
  "frame_id": 815,
  "timestamp": 1341846462.162124,
  "image_path": "rgb/1341846462.162124.png",
  "detections": [],
  "num_detections": 0,
  "num_dynamic": 0
}