{
  "frame_id": 889,
  "timestamp": 1341846464.642006,
  "image_path": "rgb/1341846464.642006.png",
  "detections": [],
  "num_detections": 0,
  "num_dynamic": 0
}