{
  "frame_id": 888,
  "timestamp": 1341846464.606003,
  "image_path": "rgb/1341846464.606003.png",
  "detections": [],
  "num_detections": 0,
  "num_dynamic": 0
}