{
  "frame_id": 812,
  "timestamp": 1341846462.058066,
  "image_path": "rgb/1341846462.058066.png",
  "detections": [],
  "num_detections": 0,
  "num_dynamic": 0
}