{
  "frame_id": 902,
  "timestamp": 1341846465.078033,
  "image_path": "rgb/1341846465.078033.png",
  "detections": [],
  "num_detections": 0,
  "num_dynamic": 0
}