{
  "frame_id": 900,
  "timestamp": 1341846465.010148,
  "image_path": "rgb/1341846465.010148.png",
  "detections": [],
  "num_detections": 0,
  "num_dynamic": 0
}