{
  "frame_id": 905,
  "timestamp": 1341846465.177973,
  "image_path": "rgb/1341846465.177973.png",
  "detections": [],
  "num_detections": 0,
  "num_dynamic": 0
}