{
  "frame_id": 943,
  "timestamp": 1341846466.450241,
  "image_path": "rgb/1341846466.450241.png",
  "detections": [],
  "num_detections": 0,
  "num_dynamic": 0
}