{
  "frame_id": 901,
  "timestamp": 1341846465.042073,
  "image_path": "rgb/1341846465.042073.png",
  "detections": [],
  "num_detections": 0,
  "num_dynamic": 0
}