{
  "frame_id": 207,
  "timestamp": 1341846320.490186,
  "image_path": "rgb/1341846320.490186.png",
  "detections": [],
  "num_detections": 0,
  "num_dynamic": 0
}