{
  "frame_id": 312,
  "timestamp": 1341846324.047722,
  "image_path": "rgb/1341846324.047722.png",
  "detections": [],
  "num_detections": 0,
  "num_dynamic": 0
}